code,name,family,vat,cost,margin,price,barcodes,cost_date
P0001,Mar Azul Yogurt Strawberry 125g,Dairy,6,1.875,22.5,2.43,1,2026-07-28
P0002,Vale Verde Yogurt Strawberry 125g,Dairy,6,0.378,20.2,0.48,1,2026-01-22
P0003,Serra Yogurt Strawberry 125g,Dairy,6,2.341,20.0,2.98,1,2026-07-24
P0004,Vale Verde Yogurt Natural 125g,Dairy,6,2.425,20.0,3.08,1,2024-02-26
P0005,Aurora Yogurt Natural 125g,Dairy,6,1.635,17.2,2.03,1,2026-03-17
P0006,Lumina Yogurt Natural 125g,Dairy,6,0.316,16.3,0.39,1,2023-12-25
P0007,Prado Butter Salted 250g,Dairy,6,1.702,14.8,2.07,1,2026-01-19
P0008,Mar Azul Butter Salted 250g,Dairy,6,1.462,19.0,1.84,1,2023-04-20
P0009,Serra Butter Salted 250g,Dairy,6,2.156,20.7,2.76,1,2022-09-07
P0010,Prado Milk UHT 1L,Dairy,6,1.993,21.8,2.57,1,2025-02-09
P0011,Mar Azul Milk UHT 1L,Dairy,6,1.997,24.0,2.62,1,2022-12-09
P0012,Casa Boa Milk UHT 1L,Dairy,6,1.922,20.6,2.46,1,2023-04-07
P0013,Serra Cheese Slices 200g,Dairy,6,2.186,20.1,2.78,1,2025-05-05
P0014,Aurora Cheese Slices 200g,Dairy,6,2.105,-8.13,2.05,1,2025-07-12
P0015,Vale Verde Cheese Slices 200g,Dairy,6,1.251,12.8,1.5,1,2026-04-24
P0016,Mar Azul Cream 200ml,Dairy,6,1.26,24.4,1.66,1,2025-02-23
P0017,Aurora Cream 200ml,Dairy,6,2.427,23.6,3.18,1,2025-06-15
P0018,Vale Verde Cream 200ml,Dairy,6,0.424,16.2,0.52,1,2026-07-24
P0019,Lumina Kefir 500g,Dairy,6,0.151,19.1,0.19,1,2026-08-30
P0020,Aurora Kefir 500g,Dairy,6,1.147,19.5,1.45,1,2025-10-05
P0021,Casa Boa Kefir 500g,Dairy,6,0.456,7.0,0.52,1,2025-11-10
P0022,Prado Toast Bread 500g,Bakery,6,2.001,25.8,2.67,1,2021-11-21
P0023,Casa Boa Toast Bread 500g,Bakery,6,2.084,29.8,2.87,1,2026-06-24
P0024,Vale Verde Toast Bread 500g,Bakery,6,1.537,25.8,2.05,1,2022-05-24
P0025,Lumina Croissant Pack x6,Bakery,6,2.301,26.6,3.09,1,2023-11-20
P0026,Mar Azul Croissant Pack x6,Bakery,6,1.235,18.5,1.55,1,2026-10-04
P0027,Vale Verde Croissant Pack x6,Bakery,6,1.0,22.1,1.29,1,2025-10-03
P0028,Vale Verde Sponge Cake 300g,Bakery,6,1.857,22.7,2.42,1,2023-03-16
P0029,Aurora Sponge Cake 300g,Bakery,6,3.005,19.2,3.8,1,2026-07-01
P0030,Prado Sponge Cake 300g,Bakery,6,1.604,25.7,2.14,1,2026-03-05
P0031,Prado Rusks 250g,Bakery,6,0.669,31.0,0.93,1,2026-07-01
P0032,Casa Boa Rusks 250g,Bakery,6,0.794,22.9,1.03,1,2022-01-08
P0033,Mar Azul Rusks 250g,Bakery,6,2.296,21.3,2.95,1,2026-04-19
P0034,Aurora Salmon Fillet kg,Fish,6,7.503,19.4,9.5,1,2025-07-08
P0035,Casa Boa Salmon Fillet kg,Fish,6,9.755,19.7,12.38,1,2026-07-25
P0036,Prado Salmon Fillet kg,Fish,6,7.675,26.5,10.29,1,2026-10-04
P0037,Lumina Sea Bass kg,Fish,6,3.942,13.9,4.76,1,2026-09-21
P0038,Vale Verde Sea Bass kg,Fish,6,3.845,21.5,4.95,1,2026-05-25
P0039,Prado Sea Bass kg,Fish,6,7.424,15.4,9.08,1,2022-12-27
P0040,Aurora Sardines kg,Fish,6,8.818,19.6,11.18,1,2026-10-04
P0041,Serra Sardines kg,Fish,6,7.327,23.7,9.61,1,2023-02-03
P0042,Mar Azul Sardines kg,Fish,6,15.371,-12.42,14.27,1,2026-05-08
P0043,Mar Azul Cod Loin kg,Fish,6,6.569,22.8,8.55,1,2022-05-19
P0044,Aurora Cod Loin kg,Fish,6,8.772,25.3,11.65,1,2022-01-30
P0045,Vale Verde Cod Loin kg,Fish,6,9.593,28.9,13.11,1,2022-09-08
P0046,Serra Shrimp 1kg,Fish,6,5.722,26.6,7.68,1,2023-08-31
P0047,Lumina Shrimp 1kg,Fish,6,5.711,16.0,7.02,1,2025-04-14
P0048,Prado Shrimp 1kg,Fish,6,3.111,23.6,4.08,1,2026-02-03
P0049,Vale Verde Potatoes kg,Produce,6,1.396,25.3,1.85,1,2025-10-26
P0050,Serra Potatoes kg,Produce,6,0.496,28.9,0.68,1,2026-06-27
P0051,Mar Azul Potatoes kg,Produce,6,2.612,37.3,3.8,1,2025-10-13
P0052,Mar Azul Carrots kg,Produce,6,0.417,33.2,0.59,1,2026-06-05
P0053,Lumina Carrots kg,Produce,6,0.789,35.1,1.13,1,2026-02-27
P0054,Vale Verde Carrots kg,Produce,6,0.78,27.7,1.06,1,2024-07-04
P0055,Vale Verde Onions kg,Produce,6,0.963,24.5,1.27,1,2025-05-07
P0056,Lumina Onions kg,Produce,6,2.92,31.9,4.08,1,2023-12-15
P0057,Serra Onions kg,Produce,6,2.547,28.5,3.47,1,2025-10-05
P0058,Aurora Spinach 170g,Produce,6,2.65,24.5,3.5,1,2025-12-11
P0059,Prado Spinach 170g,Produce,6,0.422,31.3,0.59,1,2023-07-16
P0060,Serra Spinach 170g,Produce,6,2.907,32.9,4.1,1,2023-07-23
P0061,Aurora Parsley Bunch,Produce,6,1.657,31.4,2.31,1,2023-10-26
P0062,Serra Parsley Bunch,Produce,6,1.884,34.5,2.69,1,2025-11-23
P0063,Mar Azul Parsley Bunch,Produce,6,1.881,23.4,2.46,1,2025-08-23
P0064,Serra Rice 1kg,Grocery,6,3.369,18.8,4.24,1,2026-08-12
P0065,Vale Verde Rice 1kg,Grocery,6,2.503,14.4,3.04,1,2025-04-07
P0066,Mar Azul Rice 1kg,Grocery,6,3.733,22.7,4.86,1,2022-08-20
P0067,Casa Boa Pasta Spaghetti 500g,Grocery,6,0.839,25.5,1.12,1,2026-10-04
P0068,Prado Pasta Spaghetti 500g,Grocery,6,2.974,21.5,3.83,1,2026-01-18
P0069,Vale Verde Pasta Spaghetti 500g,Grocery,6,3.671,19.9,4.67,1,2025-04-05
P0070,Mar Azul Olive Oil 750ml,Grocery,6,1.7,-8.44,1.65,1,2025-06-11
P0071,Vale Verde Olive Oil 750ml,Grocery,6,2.364,17.2,2.94,1,2026-03-06
P0072,Casa Boa Olive Oil 750ml,Grocery,6,1.648,13.8,1.99,1,2026-09-13
P0073,Casa Boa Canned Tuna 120g,Grocery,6,4.31,-12.66,3.99,1,2025-06-05
P0074,Aurora Canned Tuna 120g,Grocery,6,0.752,24.7,0.99,1,2025-12-03
P0075,Vale Verde Canned Tuna 120g,Grocery,6,4.369,17.0,5.42,1,2021-11-27
P0076,Lumina Chickpeas 540g,Grocery,6,1.546,21.0,1.98,1,2023-07-15
P0077,Casa Boa Chickpeas 540g,Grocery,6,0.415,15.6,0.51,1,2024-02-29
P0078,Prado Chickpeas 540g,Grocery,6,0.896,20.2,1.14,1,2023-08-25
P0079,Aurora Tomato Pulp 500g,Grocery,6,5.611,-13.08,5.17,1,2026-07-09
P0080,Vale Verde Tomato Pulp 500g,Grocery,6,2.058,-8.32,2.0,1,2024-04-09
P0081,Prado Tomato Pulp 500g,Grocery,6,4.381,16.8,5.42,1,2025-07-14
P0082,Lumina Sugar 1kg,Grocery,6,3.183,27.74,4.31,1,2026-10-04
P0083,Prado Sugar 1kg,Grocery,6,0.968,23.1,1.26,1,2025-03-11
P0084,Vale Verde Sugar 1kg,Grocery,6,1.809,16.6,2.24,1,2022-06-27
P0085,"Serra Cola 1,5L",Drinks,23,0.962,24.3,1.47,1,2024-02-08
P0086,"Casa Boa Cola 1,5L",Drinks,23,2.086,26.6,3.25,1,2025-06-19
P0087,"Vale Verde Cola 1,5L",Drinks,23,0.723,31.1,1.17,1,2023-11-21
P0088,Vale Verde Orange Soda 33cl,Drinks,23,1.142,30.0,1.83,1,2026-02-22
P0089,Aurora Orange Soda 33cl,Drinks,23,0.437,26.2,0.68,1,2023-02-23
P0090,Serra Orange Soda 33cl,Drinks,23,2.167,38.3,3.69,1,2022-01-16
P0091,"Serra Ice Tea Lemon 1,5L",Drinks,23,2.167,28.6,3.43,1,2022-07-27
P0092,"Prado Ice Tea Lemon 1,5L",Drinks,23,2.43,27.4,3.81,1,2026-07-13
P0093,"Mar Azul Ice Tea Lemon 1,5L",Drinks,23,2.116,34.6,3.5,1,2024-04-02
P0094,Casa Boa Juice Apple 1L,Drinks,23,0.487,19.6,0.72,1,2026-09-24
P0095,Aurora Juice Apple 1L,Drinks,23,2.324,25.9,3.6,1,2023-11-08
P0096,Serra Juice Apple 1L,Drinks,23,1.98,25.3,3.05,1,2023-09-19
P0097,"Serra Still Water 1,5L",Water,13,0.737,35.0,1.12,1,2025-12-14
P0098,"Mar Azul Still Water 1,5L",Water,13,0.303,30.0,0.45,1,2021-11-12
P0099,"Vale Verde Still Water 1,5L",Water,13,0.163,32.9,0.24,1,2026-07-04
P0100,Mar Azul Sparkling Water 25cl,Water,13,0.147,37.8,0.23,1,2023-05-19
P0101,Vale Verde Sparkling Water 25cl,Water,13,0.125,28.0,0.18,1,2023-03-03
P0102,Serra Sparkling Water 25cl,Water,13,1.214,-13.98,1.18,1,2023-12-09
P0103,Lumina Crisps Salted 150g,Snacks,23,1.47,31.2,2.37,1,2025-08-19
P0104,Vale Verde Crisps Salted 150g,Snacks,23,1.92,29.3,3.05,1,2023-04-19
P0105,Casa Boa Crisps Salted 150g,Snacks,23,1.226,-3.18,1.46,1,2022-09-11
P0106,Mar Azul Gummies 90g,Snacks,23,0.718,27.4,1.13,1,2024-05-01
P0107,Serra Gummies 90g,Snacks,23,3.188,-11.25,3.48,1,2023-03-26
P0108,Vale Verde Gummies 90g,Snacks,23,1.393,26.2,2.16,1,2022-06-28
P0109,Prado Chocolate Bar 100g,Snacks,23,1.251,23.0,1.89,1,2024-01-05
P0110,Serra Chocolate Bar 100g,Snacks,23,2.415,31.6,3.91,1,2025-12-31
P0111,Aurora Chocolate Bar 100g,Snacks,23,2.348,28.1,3.7,1,2026-07-21
P0112,Prado Peanuts 200g,Snacks,23,2.327,36.1,3.9,1,2026-05-13
P0113,Serra Peanuts 200g,Snacks,23,2.105,29.5,3.35,1,2026-01-27
P0114,Mar Azul Peanuts 200g,Snacks,23,1.224,22.6,1.85,1,2026-07-07
P0115,Vale Verde Detergent 1L,Household,23,1.137,40.0,1.96,1,2023-05-13
P0116,Prado Detergent 1L,Household,23,1.301,36.1,2.18,1,2025-06-25
P0117,Serra Detergent 1L,Household,23,3.197,37.3,5.4,1,2026-05-24
P0118,Mar Azul Kitchen Roll x2,Household,23,2.739,33.2,4.49,1,2026-03-06
P0119,Lumina Kitchen Roll x2,Household,23,2.025,33.3,3.32,1,2024-05-17
P0120,Prado Kitchen Roll x2,Household,23,5.004,43.6,8.84,1,2026-08-19
P0121,Prado Batteries AA x4,Household,23,5.555,38.2,9.44,1,2024-01-10
P0122,Vale Verde Batteries AA x4,Household,23,1.81,35.8,3.02,1,2023-02-14
P0123,Serra Batteries AA x4,Household,23,2.152,36.7,3.62,1,2022-11-20
P0124,Aurora LED Bulb E27,Household,23,1.535,25.5,2.37,1,2023-11-04
P0125,Mar Azul LED Bulb E27,Household,23,2.733,33.8,4.5,1,2023-03-03
P0126,Casa Boa LED Bulb E27,Household,23,1.486,33.9,2.45,1,2026-10-04
P0127,Biscuits Assorted,Snacks,23,0.95,30.0,1.52,40,2025-11-02
P0128,Cakes Assorted,Bakery,6,1.1,25.0,1.46,25,2025-11-02
