changed_at,product_code,old_cost,new_cost,old_price,new_price,reason
2026-10-04T18:45:29,P0036,6.853,7.675,9.19,10.29,cost_up
2026-10-04T18:45:29,P0082,3.35,3.183,4.31,4.31,cost_down
2026-10-04T18:45:29,P0067,0.749,0.839,1.0,1.12,cost_up
2026-10-04T18:45:29,P0040,8.319,8.818,10.55,11.18,cost_up
2026-10-04T18:45:29,P0026,1.103,1.235,1.39,1.55,cost_up
2026-10-04T18:45:29,P0126,1.327,1.486,2.19,2.45,cost_up
2026-10-04T18:45:29,P0036,7.675,6.853,10.29,9.19,undo
2026-10-04T18:45:29,P0082,3.183,3.35,4.31,4.31,undo
2026-10-04T18:45:29,P0067,0.839,0.749,1.12,1.0,undo
2026-10-04T18:45:29,P0040,8.818,8.319,11.18,10.55,undo
2026-10-04T18:45:29,P0026,1.235,1.103,1.55,1.39,undo
2026-10-04T18:45:29,P0126,1.486,1.327,2.45,2.19,undo
2026-10-04T18:45:29,P0036,6.853,7.675,9.19,10.29,cost_up
2026-10-04T18:45:29,P0082,3.35,3.183,4.31,4.31,cost_down
2026-10-04T18:45:29,P0067,0.749,0.839,1.0,1.12,cost_up
2026-10-04T18:45:29,P0040,8.319,8.818,10.55,11.18,cost_up
2026-10-04T18:45:29,P0026,1.103,1.235,1.39,1.55,cost_up
2026-10-04T18:45:29,P0126,1.327,1.486,2.19,2.45,cost_up
